Workbook
Name NativeTimeline_Date: #N/A
Name Slicer_Manager_names: #N/A
Name Slicer_Month: #N/A
Name Slicer_Product_Description: #N/A
Name Slicer_Year: #N/A

Sheet Products
A1: Product ID | B1: Product Name
A2: product 1 | B2: Traditional English Trifle
A3: product 2 | B3: Floor Cheesecake
A4: product 3 | B4: Mockolate
A5: product 4 | B5: Nastlie's Toolhaus Cookies
A6: product 5 | B6: Crab Cakes
A7: product 6 | B7: Moist Maker Sandwich
A8: product 7 | B8: Monica's Candy
A9: product 8 | B9: Stuffed With Cheese
A10: product 9 | B10: Thanksgiving Yams
A11: product 10 | B11: Organic Wax Jam

Sheet Managers
A1: Manager ID | B1: Manager Name
A2: Manager A | B2: Russ Geller
A3: Manager B | B3: Monique Bingette
A4: Manager C | B4: Rachella Green
A5: Manager D | B5: Ken Adams
A6: Manager E | B6: Chanandler Bong
A7: Manager F | B7: Gunther Centralperk
A8: Manager G | B8: Mike Pianomann
A9: Manager H | B9: Regine Phillange

Sheet Data
A1: Date | B1: Year | C1: Month | D1: Manager | E1: Product | F1: Sales | G1: Commission | H1: Manager names | I1: Product Description | J1: Qualitative Column | K1: Revenue | L1: Cost | M1: Net Proceed
A2: 44592 | B2: =YEAR(Table1[[#This Row],[Date]]) -> 2022 | C2: January | D2: Manager A | E2: Product 1 | F2: 3732 | G2: 251.41947 | H2: =VLOOKUP(Table1[[#This Row],[Manager]],Managers!$A$2:$B$9,2,FALSE) -> Russ Geller | I2: =VLOOKUP(Table1[[#This Row],[Product]],Products!$A$2:$B$11,2,FALSE) -> Traditional English Trifle | J2: =IF(Table1[[#This Row],[Sales]]>4000,"Exceeded the target",IF(AND(Table1[[#This Row],[Sales]]<=4000,Table1[[#This Row],[Sales]]<2500),"Did not meet the target","met the target")) -> met the target | K2: =Table1[[#This Row],[Sales]]-Table1[[#This Row],[Commission]] -> 3480.5805 | L2: =Table1[[#This Row],[Sales]]+Table1[[#This Row],[Commission]]-Table1[[#This Row],[Revenue]] -> 502.83893 | M2: =Table1[[#This Row],[Revenue]]-Table1[[#This Row],[Cost]] -> 2977.7416
A3: 44592 | B3: =YEAR(Table1[[#This Row],[Date]]) -> 2022 | C3: February | D3: Manager A | E3: Product 2 | F3: 3607 | G3: 196.79301 | H3: =VLOOKUP(Table1[[#This Row],[Manager]],Managers!$A$2:$B$9,2,FALSE) -> Russ Geller | I3: =VLOOKUP(Table1[[#This Row],[Product]],Products!$A$2:$B$11,2,FALSE) -> Floor Cheesecake | J3: =IF(Table1[[#This Row],[Sales]]>4000,"Exceeded the target",IF(AND(Table1[[#This Row],[Sales]]<=4000,Table1[[#This Row],[Sales]]<2500),"Did not meet the target","met the target")) -> met the target | K3: =Table1[[#This Row],[Sales]]-Table1[[#This Row],[Commission]] -> 3410.207 | L3: =Table1[[#This Row],[Sales]]+Table1[[#This Row],[Commission]]-Table1[[#This Row],[Revenue]] -> 393.58602 | M3: =Table1[[#This Row],[Revenue]]-Table1[[#This Row],[Cost]] -> 3016.621
A4: 44592 | B4: =YEAR(Table1[[#This Row],[Date]]) -> 2022 | C4: March | D4: Manager A | E4: Product 3 | F4: 2653 | G4: 136.43135 | H4: =VLOOKUP(Table1[[#This Row],[Manager]],Managers!$A$2:$B$9,2,FALSE) -> Russ Geller | I4: =VLOOKUP(Table1[[#This Row],[Product]],Products!$A$2:$B$11,2,FALSE) -> Mockolate | J4: =IF(Table1[[#This Row],[Sales]]>4000,"Exceeded the target",IF(AND(Table1[[#This Row],[Sales]]<=4000,Table1[[#This Row],[Sales]]<2500),"Did not meet the target","met the target")) -> met the target | K4: =Table1[[#This Row],[Sales]]-Table1[[#This Row],[Commission]] -> 2516.5686 | L4: =Table1[[#This Row],[Sales]]+Table1[[#This Row],[Commission]]-Table1[[#This Row],[Revenue]] -> 272.86271 | M4: =Table1[[#This Row],[Revenue]]-Table1[[#This Row],[Cost]] -> 2243.7059
A5: 44620 | B5: =YEAR(Table1[[#This Row],[Date]]) -> 2022 | C5: April | D5: Manager A | E5: Product 3 | F5: 4468 | G5: 258.49051 | H5: =VLOOKUP(Table1[[#This Row],[Manager]],Managers!$A$2:$B$9,2,FALSE) -> Russ Geller | I5: =VLOOKUP(Table1[[#This Row],[Product]],Products!$A$2:$B$11,2,FALSE) -> Mockolate | J5: =IF(Table1[[#This Row],[Sales]]>4000,"Exceeded the target",IF(AND(Table1[[#This Row],[Sales]]<=4000,Table1[[#This Row],[Sales]]<2500),"Did not meet the target","met the target")) -> Exceeded the target | K5: =Table1[[#This Row],[Sales]]-Table1[[#This Row],[Commission]] -> 4209.5095 | L5: =Table1[[#This Row],[Sales]]+Table1[[#This Row],[Commission]]-Table1[[#This Row],[Revenue]] -> 516.98102 | M5: =Table1[[#This Row],[Revenue]]-Table1[[#This Row],[Cost]] -> 3692.5285
A6: 44620 | B6: =YEAR(Table1[[#This Row],[Date]]) -> 2022 | C6: May | D6: Manager A | E6: Product 1 | F6: 4544 | G6: 215.27957 | H6: =VLOOKUP(Table1[[#This Row],[Manager]],Managers!$A$2:$B$9,2,FALSE) -> Russ Geller | I6: =VLOOKUP(Table1[[#This Row],[Product]],Products!$A$2:$B$11,2,FALSE) -> Traditional English Trifle | J6: =IF(Table1[[#This Row],[Sales]]>4000,"Exceeded the target",IF(AND(Table1[[#This Row],[Sales]]<=4000,Table1[[#This Row],[Sales]]<2500),"Did not meet the target","met the target")) -> Exceeded the target | K6: =Table1[[#This Row],[Sales]]-Table1[[#This Row],[Commission]] -> 4328.7204 | L6: =Table1[[#This Row],[Sales]]+Table1[[#This Row],[Commission]]-Table1[[#This Row],[Revenue]] -> 430.55913 | M6: =Table1[[#This Row],[Revenue]]-Table1[[#This Row],[Cost]] -> 3898.1613
A7: 44620 | B7: =YEAR(Table1[[#This Row],[Date]]) -> 2022 | C7: June | D7: Manager A | E7: Product 2 | F7: 3648 | G7: 154.93726 | H7: =VLOOKUP(Table1[[#This Row],[Manager]],Managers!$A$2:$B$9,2,FALSE) -> Russ Geller | I7: =VLOOKUP(Table1[[#This Row],[Product]],Products!$A$2:$B$11,2,FALSE) -> Floor Cheesecake | J7: =IF(Table1[[#This Row],[Sales]]>4000,"Exceeded the target",IF(AND(Table1[[#This Row],[Sales]]<=4000,Table1[[#This Row],[Sales]]<2500),"Did not meet the target","met the target")) -> met the target | K7: =Table1[[#This Row],[Sales]]-Table1[[#This Row],[Commission]] -> 3493.0627 | L7: =Table1[[#This Row],[Sales]]+Table1[[#This Row],[Commission]]-Table1[[#This Row],[Revenue]] -> 309.87451 | M7: =Table1[[#This Row],[Revenue]]-Table1[[#This Row],[Cost]] -> 3183.1882
A8: 44651 | B8: =YEAR(Table1[[#This Row],[Date]]) -> 2022 | C8: July | D8: Manager A | E8: Product 2 | F8: 2940 | G8: 177.38533 | H8: =VLOOKUP(Table1[[#This Row],[Manager]],Managers!$A$2:$B$9,2,FALSE) -> Russ Geller | I8: =VLOOKUP(Table1[[#This Row],[Product]],Products!$A$2:$B$11,2,FALSE) -> Floor Cheesecake | J8: =IF(Table1[[#This Row],[Sales]]>4000,"Exceeded the target",IF(AND(Table1[[#This Row],[Sales]]<=4000,Table1[[#This Row],[Sales]]<2500),"Did not meet the target","met the target")) -> met the target | K8: =Table1[[#This Row],[Sales]]-Table1[[#This Row],[Commission]] -> 2762.6147 | L8: =Table1[[#This Row],[Sales]]+Table1[[#This Row],[Commission]]-Table1[[#This Row],[Revenue]] -> 354.77066 | M8: =Table1[[#This Row],[Revenue]]-Table1[[#This Row],[Cost]] -> 2407.844
A9: 44651 | B9: =YEAR(Table1[[#This Row],[Date]]) -> 2022 | C9: August | D9: Manager A | E9: Product 3 | F9: 3163 | G9: 135.37857 | H9: =VLOOKUP(Table1[[#This Row],[Manager]],Managers!$A$2:$B$9,2,FALSE) -> Russ Geller | I9: =VLOOKUP(Table1[[#This Row],[Product]],Products!$A$2:$B$11,2,FALSE) -> Mockolate | J9: =IF(Table1[[#This Row],[Sales]]>4000,"Exceeded the target",IF(AND(Table1[[#This Row],[Sales]]<=4000,Table1[[#This Row],[Sales]]<2500),"Did not meet the target","met the target")) -> met the target | K9: =Table1[[#This Row],[Sales]]-Table1[[#This Row],[Commission]] -> 3027.6214 | L9: =Table1[[#This Row],[Sales]]+Table1[[#This Row],[Commission]]-Table1[[#This Row],[Revenue]] -> 270.75714 | M9: =Table1[[#This Row],[Revenue]]-Table1[[#This Row],[Cost]] -> 2756.8643
A10: 44651 | B10: =YEAR(Table1[[#This Row],[Date]]) -> 2022 | C10: September | D10: Manager A | E10: Product 1 | F10: 3825 | G10: 117.9096 | H10: =VLOOKUP(Table1[[#This Row],[Manager]],Managers!$A$2:$B$9,2,FALSE) -> Russ Geller | I10: =VLOOKUP(Table1[[#This Row],[Product]],Products!$A$2:$B$11,2,FALSE) -> Traditional English Trifle | J10: =IF(Table1[[#This Row],[Sales]]>4000,"Exceeded the target",IF(AND(Table1[[#This Row],[Sales]]<=4000,Table1[[#This Row],[Sales]]<2500),"Did not meet the target","met the target")) -> met the target | K10: =Table1[[#This Row],[Sales]]-Table1[[#This Row],[Commission]] -> 3707.0904 | L10: =Table1[[#This Row],[Sales]]+Table1[[#This Row],[Commission]]-Table1[[#This Row],[Revenue]] -> 235.81921 | M10: =Table1[[#This Row],[Revenue]]-Table1[[#This Row],[Cost]] -> 3471.2712
A11: 44681 | B11: =YEAR(Table1[[#This Row],[Date]]) -> 2022 | C11: October | D11: Manager A | E11: Product 3 | F11: 4219 | G11: 162.56853 | H11: =VLOOKUP(Table1[[#This Row],[Manager]],Managers!$A$2:$B$9,2,FALSE) -> Russ Geller | I11: =VLOOKUP(Table1[[#This Row],[Product]],Products!$A$2:$B$11,2,FALSE) -> Mockolate | J11: =IF(Table1[[#This Row],[Sales]]>4000,"Exceeded the target",IF(AND(Table1[[#This Row],[Sales]]<=4000,Table1[[#This Row],[Sales]]<2500),"Did not meet the target","met the target")) -> Exceeded the target | K11: =Table1[[#This Row],[Sales]]-Table1[[#This Row],[Commission]] -> 4056.4315 | L11: =Table1[[#This Row],[Sales]]+Table1[[#This Row],[Commission]]-Table1[[#This Row],[Revenue]] -> 325.13706 | M11: =Table1[[#This Row],[Revenue]]-Table1[[#This Row],[Cost]] -> 3731.2944
A12: 44681 | B12: =YEAR(Table1[[#This Row],[Date]]) -> 2022 | C12: November | D12: Manager A | E12: Product 1 | F12: 1797 | G12: 106.44392 | H12: =VLOOKUP(Table1[[#This Row],[Manager]],Managers!$A$2:$B$9,2,FALSE) -> Russ Geller | I12: =VLOOKUP(Table1[[#This Row],[Product]],Products!$A$2:$B$11,2,FALSE) -> Traditional English Trifle | J12: =IF(Table1[[#This Row],[Sales]]>4000,"Exceeded the target",IF(AND(Table1[[#This Row],[Sales]]<=4000,Table1[[#This Row],[Sales]]<2500),"Did not meet the target","met the target")) -> Did not meet the target | K12: =Table1[[#This Row],[Sales]]-Table1[[#This Row],[Commission]] -> 1690.5561 | L12: =Table1[[#This Row],[Sales]]+Table1[[#This Row],[Commission]]-Table1[[#This Row],[Revenue]] -> 212.88783 | M12: =Table1[[#This Row],[Revenue]]-Table1[[#This Row],[Cost]] -> 1477.6683
A13: 44681 | B13: =YEAR(Table1[[#This Row],[Date]]) -> 2022 | C13: December | D13: Manager A | E13: Product 2 | F13: 1659 | G13: 66.621567 | H13: =VLOOKUP(Table1[[#This Row],[Manager]],Managers!$A$2:$B$9,2,FALSE) -> Russ Geller | I13: =VLOOKUP(Table1[[#This Row],[Product]],Products!$A$2:$B$11,2,FALSE) -> Floor Cheesecake | J13: =IF(Table1[[#This Row],[Sales]]>4000,"Exceeded the target",IF(AND(Table1[[#This Row],[Sales]]<=4000,Table1[[#This Row],[Sales]]<2500),"Did not meet the target","met the target")) -> Did not meet the target | K13: =Table1[[#This Row],[Sales]]-Table1[[#This Row],[Commission]] -> 1592.3784 | L13: =Table1[[#This Row],[Sales]]+Table1[[#This Row],[Commission]]-Table1[[#This Row],[Revenue]] -> 133.24313 | M13: =Table1[[#This Row],[Revenue]]-Table1[[#This Row],[Cost]] -> 1459.1353
... A361: 45291 | B361: =YEAR(Table1[[#This Row],[Date]]) -> 2023 | C361: December | D361: Manager E | E361: Product 3 | F361: 1176 | G361: 62.974311 | H361: =VLOOKUP(Table1[[#This Row],[Manager]],Managers!$A$2:$B$9,2,FALSE) -> Chanandler Bong | I361: =VLOOKUP(Table1[[#This Row],[Product]],Products!$A$2:$B$11,2,FALSE) -> Mockolate | J361: =IF(Table1[[#This Row],[Sales]]>4000,"Exceeded the target",IF(AND(Table1[[#This Row],[Sales]]<=4000,Table1[[#This Row],[Sales]]<2500),"Did not meet the target","met the target")) -> Did not meet the target | K361: =Table1[[#This Row],[Sales]]-Table1[[#This Row],[Commission]] -> 1113.0257 | L361: =Table1[[#This Row],[Sales]]+Table1[[#This Row],[Commission]]-Table1[[#This Row],[Revenue]] -> 125.94862 | M361: =Table1[[#This Row],[Revenue]]-Table1[[#This Row],[Cost]] -> 987.07707
A362: Total | F362: =SUBTOTAL(109,Table1[Sales]) -> 1078504 | G362: =SUBTOTAL(109,Table1[Commission]) -> 53484.899 | H362: =SUBTOTAL(109,Table1[Manager names]) -> 0 | I362: =SUBTOTAL(109,Table1[Product Description]) -> 0 | J362: =SUBTOTAL(109,Table1[Qualitative Column]) -> 0 | K362: =SUBTOTAL(109,Table1[Revenue]) -> 1025019.1 | L362: =SUBTOTAL(109,Table1[Cost]) -> 106969.8 | M362: =SUBTOTAL(109,Table1[Net Proceed]) -> 918049.3

Sheet Detailed Performance Analysis
A1: Monthly Sales for Year 2022 and 2023
A2: Year | B2: Month | C2: Manager names | D2: Sales | F2: Sales For Year 2022 | J2: Data of 2 years Performance
A3: 2022 | B3: January | C3: Russ Geller | D3: 9992
A4: 2022 | B4: February | C4: Russ Geller | D4: 12660
A5: 2022 | B5: March | C5: Russ Geller | D5: 9928 | F5: Year | G5: Manager names | H5: Sales | J5: Mananger names | K5: Sales Above $10000/Times | L5: Sales Below $7500/Times | M5: Less the no. of Times
A6: 2022 | B6: April | C6: Russ Geller | D6: 7675 | F6: 2022 | G6: Rachella Green | H6: 113558 | J6: Rachella Green | K6: =COUNTIFS(Table1__3_1[Sales],">10000",Table1__3_1[Manager names],Table12[[#This Row],[Mananger names]]) -> 7 | L6: =COUNTIFS(Table1__3_1[Sales],"<7500",Table1__3_1[Manager names],Table12[[#This Row],[Mananger names]]) -> 3 | M6: =Table12[[#This Row],[Sales Above $10000/Times]]-Table12[[#This Row],[Sales Below $7500/Times]] -> 4
A7: 2022 | B7: May | C7: Russ Geller | D7: 12019 | F7: 2022 | G7: Ken Adams | H7: 111983 | J7: Ken Adams | K7: =COUNTIFS(Table1__3_1[Sales],">10000",Table1__3_1[Manager names],Table12[[#This Row],[Mananger names]]) -> 6 | L7: =COUNTIFS(Table1__3_1[Sales],"<7500",Table1__3_1[Manager names],Table12[[#This Row],[Mananger names]]) -> 8 | M7: =Table12[[#This Row],[Sales Above $10000/Times]]-Table12[[#This Row],[Sales Below $7500/Times]] -> -2
A8: 2022 | B8: June | C8: Russ Geller | D8: 7412 | F8: 2022 | G8: Russ Geller | H8: 110483 | J8: Russ Geller | K8: =COUNTIFS(Table1__3_1[Sales],">10000",Table1__3_1[Manager names],Table12[[#This Row],[Mananger names]]) -> 5 | L8: =COUNTIFS(Table1__3_1[Sales],"<7500",Table1__3_1[Manager names],Table12[[#This Row],[Mananger names]]) -> 8 | M8: =Table12[[#This Row],[Sales Above $10000/Times]]-Table12[[#This Row],[Sales Below $7500/Times]] -> -3
A9: 2022 | B9: July | C9: Russ Geller | D9: 8165 | F9: 2022 | G9: Chanandler Bong | H9: 107280 | J9: Chanandler Bong | K9: =COUNTIFS(Table1__3_1[Sales],">10000",Table1__3_1[Manager names],Table12[[#This Row],[Mananger names]]) -> 7 | L9: =COUNTIFS(Table1__3_1[Sales],"<7500",Table1__3_1[Manager names],Table12[[#This Row],[Mananger names]]) -> 3 | M9: =Table12[[#This Row],[Sales Above $10000/Times]]-Table12[[#This Row],[Sales Below $7500/Times]] -> 4
A10: 2022 | B10: August | C10: Russ Geller | D10: 7163 | F10: 2022 | G10: Monique Bingette | H10: 107244 | J10: Monique Bingette | K10: =COUNTIFS(Table1__3_1[Sales],">10000",Table1__3_1[Manager names],Table12[[#This Row],[Mananger names]]) -> 5 | L10: =COUNTIFS(Table1__3_1[Sales],"<7500",Table1__3_1[Manager names],Table12[[#This Row],[Mananger names]]) -> 2 | M10: =Table12[[#This Row],[Sales Above $10000/Times]]-Table12[[#This Row],[Sales Below $7500/Times]] -> 3
A11: 2022 | B11: September | C11: Russ Geller | D11: 6766
A12: 2022 | B12: October | C12: Russ Geller | D12: 10184
A13: 2022 | B13: November | C13: Russ Geller | D13: 9480 | F13: Sales For Year 2023
A14: 2022 | B14: December | C14: Russ Geller | D14: 9039
A15: 2023 | B15: January | C15: Russ Geller | D15: 6491 | F15: Year | G15: Manager names | H15: Sales
A16: 2023 | B16: February | C16: Russ Geller | D16: 5711 | F16: 2023 | G16: Rachella Green | H16: 113903
A17: 2023 | B17: March | C17: Russ Geller | D17: 6950 | F17: 2023 | G17: Monique Bingette | H17: 111599
A18: 2023 | B18: April | C18: Russ Geller | D18: 8232 | F18: 2023 | G18: Chanandler Bong | H18: 107342
A19: 2023 | B19: May | C19: Russ Geller | D19: 9236 | F19: 2023 | G19: Russ Geller | H19: 98177
A20: 2023 | B20: June | C20: Russ Geller | D20: 8002 | F20: 2023 | G20: Ken Adams | H20: 96935
A21: 2023 | B21: July | C21: Russ Geller | D21: 6544
A22: 2023 | B22: August | C22: Russ Geller | D22: 10766
A23: 2023 | B23: September | C23: Russ Geller | D23: 6839
A24: 2023 | B24: October | C24: Russ Geller | D24: 9586
A25: 2023 | B25: November | C25: Russ Geller | D25: 10920
A26: 2023 | B26: December | C26: Russ Geller | D26: 8900
A27: 2022 | B27: January | C27: Monique Bingette | D27: 7862
A28: 2022 | B28: February | C28: Monique Bingette | D28: 9625
A29: 2022 | B29: March | C29: Monique Bingette | D29: 8512
A30: 2022 | B30: April | C30: Monique Bingette | D30: 9741
A31: 2022 | B31: May | C31: Monique Bingette | D31: 7085
A32: 2022 | B32: June | C32: Monique Bingette | D32: 10171
... A122: 2023 | B122: December | C122: Chanandler Bong | D122: 7936

Sheet Power Pivot-Key Facts
A1: Summary Table (Key Facts)
B4: Column Labels
B5: Total Sales | E5: Commission Earned | H5: Total Total Sales | I5: Total Commission Earned
A6: Manager names | B6: Floor Cheesecake | C6: Mockolate | D6: Traditional English Trifle | E6: Floor Cheesecake | F6: Mockolate | G6: Traditional English Trifle
A7: Chanandler Bong | B7: 79583 | C7: 63136 | D7: 71903 | E7: 3712.7348 | F7: 3091.9878 | G7: 3895.855 | H7: 214622 | I7: 10700.578
A8: Ken Adams | B8: 65327 | C8: 70492 | D8: 73099 | E8: 3531.1335 | F8: 3197.1419 | G8: 3848.9521 | H8: 208918 | I8: 10577.228
A9: Monique Bingette | B9: 67810 | C9: 78089 | D9: 72944 | E9: 3365.7658 | F9: 3870.5841 | G9: 3539.5819 | H9: 218843 | I9: 10775.932
A10: Rachella Green | B10: 76457 | C10: 73447 | D10: 77557 | E10: 3961.3549 | F10: 3526.2021 | G10: 3700.455 | H10: 227461 | I10: 11188.012
A11: Russ Geller | B11: 63499 | C11: 69254 | D11: 75907 | E11: 3092.012 | F11: 3356.0914 | G11: 3795.0462 | H11: 208660 | I11: 10243.15
A12: Grand Total | B12: 352676 | C12: 354418 | D12: 371410 | E12: 17663.001 | F12: 17042.007 | G12: 18779.89 | H12: 1078504 | I12: 53484.899
D15: Best Selling Product | G15: Pivot Chart for the year 2022 & 2023

Sheet Data visualization(Dashboard)
B1: Net proceed Chart in thousands (Waterfall chart ) | H1: Sales & Commission Earned Overtime (Combo Chart)
R2: Manager names | S2: Sum of Sales | T2: Sum of Commission earned
R3: Chanandler Bong | S3: 214622 | T3: 10700.577
R4: Ken Adams | S4: 208918 | T4: 10577.228
R5: Monique Bingette | S5: 218843 | T5: 10775.932
R6: Rachella Green | S6: 227461 | T6: 11188.012
R7: Russ Geller | S7: 208660 | T7: 10243.15
R8: Grand Total | S8: 1078504 | T8: 53484.899
B13: Performance Review For 2Years ($000) | Q13: Sales | R13: =SUM(Table1[Sales]) -> 1078504
Q14: Commission | R14: =SUM(Table1[Commission]) -> 53484.899
Q15: Revenue | R15: =R13-R14 -> 1025019.1
Q16: Cost | R16: =R13-R15+R14 -> 106969.8
Q17: Net Proceed | R17: =R15-R16 -> 918049.3
P19: Manager Names | Q19: Actual Sales | R19: Sales Target | S19: Met the Target | T19: Exceeded the target | U19: Unmet the target
P20: Chanandler Bong | Q20: 214622 | R20: 225000 | S20: =Q20 -> 214622 | T20: =IF(Q20>R20,Q20-R20,0) -> 0 | U20: =IF(Q20<R20,R20-Q20) -> 10378
P21: Ken Adams | Q21: 208918 | R21: 225000 | S21: =Q21 -> 208918 | T21: =IF(Q21>R21,Q21-R21,0) -> 0 | U21: =IF(Q21<R21,R21-Q21) -> 16082
P22: Monique Bingette | Q22: 218843 | R22: 225000 | S22: =Q22 -> 218843 | T22: =IF(Q22>R22,Q22-R22,0) -> 0 | U22: =IF(Q22<R22,R22-Q22) -> 6157
P23: Rachella Green | Q23: 227461 | R23: 225000 | S23: =Q23 -> 227461 | T23: =IF(Q23>R23,Q23-R23,0) -> 2461 | U23: =IF(Q23<R23,R23-Q23) -> FALSE
P24: Russ Geller | Q24: 208660 | R24: 225000 | S24: =Q24 -> 208660 | T24: =IF(Q24>R24,Q24-R24,0) -> 0 | U24: =IF(Q24<R24,R24-Q24) -> 16340
